ITE_ITEM_TITLE1,ITE_ITEM_TITLE2,Score_Similitud
tenis new balance 327 masculino ms327fj l,tenis new balance 327 masculino ms327fl l,1.0
tenis infantil tenis feminino promocao brinde bolsa p nao pe,tenis infantil tenis feminino promocao brinde bolsa u nao pe,1.0
tenis feminino flatform espadrille beira rio - 4232100,tenis feminino flatform espadrille beira rio 4232100,0.9988
tenis olympikus saga feminino marinho,tenis olympikus saga feminino - marinho,0.9981
tenis olympikus vortex masculino,tenis olympikus vortex - masculino,0.9973
sapato usthemp legend tematico - gael bulldog frances 3,sapato usthemp legend tematico - gael bulldog frances 5,0.9952
tenis skechers m go walk evolution ultra,tenis skechers go walk evolution ultra,0.9951
tenis nike runallday 2 feminino,tenis nike runallday feminino,0.9934
"tenis mvp cross training - cross, academia, funcional - mvp","tenis mvp cross training - cross, academia e funcional - mvp",0.9932
tenis infantil feminino escolar menina escola d original,tenis infantil feminino escolar menina escola h original,0.9925
5 pares tenis masculino leve para caminhada promocao barato,3 pares tenis masculino leve para caminhada promocao barato,0.9915
nike air force i infantil,nike air force 1 infantil,0.9913
sapato usthemp legend tematico - pug 3,sapato usthemp legend tematico - pug 4,0.9909
tenis infantil slip on calce facil confortavel leve as130,tenis infantil slip on calce facil confortavel leve cb130,0.9871
tenis cano alto infantil plis calcados a442 22 ao 29,tenis cano alto infantil plis calcados a452 22 ao 29,0.9864
tenis mizuno wave prophecy 6 - ref***0000057,tenis mizuno wave prophecy 6 - ref***0000054,0.985
tenis polo farm 921 masculino - 1,tenis polo farm 921 masculino - 2,0.9845
tenis hocks - flat lite tan,tenis hocks flat lite tan gl14,0.9823
tenis plataforma jeans feminino com ziper-pronta entrega,tenis plataforma jeans feminino com ziper pronta entrega,0.9814
tenis sapatenis casual feminina chiqui 7890264,tenis sapatenis casual feminina chiqui 7890236,0.9814
tenis sapatenis casual feminina chiqui 7890263,tenis sapatenis casual feminina chiqui 7890236,0.9809
tenis masculino olympikus ultraleve,tenis masculino olympikus ultraleve/944,0.9804
tenis sapatenis casual feminina chiqui 7890264,tenis sapatenis casual feminina chiqui 7890263,0.9775
tenis freeday flip eco todo preto,tenis todo preto freeday flip eco,0.9756
tenis mizuno wave prophecy 6 - ref***0000039,tenis mizuno wave prophecy 6 - ref***0000054,0.9751
tenis mizuno wave prophecy 6 - ref***0000039,tenis mizuno wave prophecy 6 - ref***0000057,0.9742
tenis skechers go walk evolution ultra,tenis skechers go walk evolution ultra - original,0.9725
bicicleta south legend 21v aro 29 pt/lrj brilho,bicicleta south legend 21v aro 29 pt/az/lrj brilho,0.9716
tenis new balance!,tenis new balance wl515rfa,0.9695
tenis schutz knit s2092000010021,tenis schutz knit s2092000010043,0.969
tenis feminino mizuno wave prime 9 -lancamento-frete gratis,tenis feminino mizuno wave prime 9 lancamento frete gratis,0.9684
tenis infantil feminino via vip vnj259,tenis infantil feminino via vip - vv6519,0.9681
tenis skechers m go walk evolution ultra,tenis skechers go walk evolution ultra - original,0.9678
sapatenis masculino oxford couro legitimo,sapatenis masculino vittal oxford couro legitimo,0.9673
tenis sapatilha hibrido nautica aquatica 41 preto bad fish,tenis sapatilha hibrido nautica aquatica bad fish,0.9654
tv samsung un50ku6000g,tv samsung un50tu700g,0.9632
sapatenis cavalera juan marrom,sapatenis cavalera bento marrom,0.963
tenis calce facil adrun flex power ortopedico solado leve mt,tenis calce facil adrun flex power ortopedico solado leve,0.9624
tenis adidas response super boost m fy8746,tenis adidas response super boost masculino,0.9615
tenis fila disruptor ii premium feminino,tenis fila disruptor ii premium feminino 39,0.9611
botinha feminina bota treino academia fitness danca leve,tenis botinha feminina bota treino academia fitness danca,0.9606
tenis adidas terrex ax3 - feminino,tenis adidas terrex ax3,0.9604
tenis oakley flak 1.2 khaki original,tenis oakley flak 1.3 khaki robust original,0.9603
tenis modare ultraconforto,tenis modare ultraconforto geltch,0.9602
tenis usthemp pepper tematico - vaca 2,tenis usthemp pepper tematico - leao,0.9593
tenis mizuno wave prophecy 6 - refff***000552354,tenis mizuno wave prophecy 6 - refff***00055555178,0.9576
smart tv lg ai thinq oled55a1psa 4k 55 100v/240v,smart tv lg ai thinq 55nano86sna led 4k 55 100v/240v,0.9555
tenis usthemp pepper tematico - vaca 2,tenis usthemp pepper tematico - corujinha 2,0.9553
tenis feminino esportivo actvitta original absorcao impacto,tenis feminino esportivo actvitta absorcao impacto original,0.9549
tenis infantil tenis feminino promocao brinde bolsa l adquir,tenis infantil tenis feminino promocao brinde bolsa b promoc,0.9546
tenis adidas - neo,tenis adidas neo feminino,0.9542
tenis sapatenis feminino dbmore relogio gold dubuy 024mc,tenis sapatenis feminino dbland relogio gold dubuy 024cb,0.9542
tenis asics gel resolution 8 clay masculino - saibro- new,tenis asics gel resolution 8 clay masculino saibro,0.9538
tenis olympikus numero grande especial feminino 40/41,tenis olympikus numero grande 40/41 especial feminino,0.9537
tenis plataforma jeans feminino com ziper-pronta entrega 24h,tenis plataforma jeans feminino com ziper-pronta entrega,0.9534
caloi explorer comp 2021 18v alivio,caloi explorer comp 18v alivio 2021,0.9529
tenis feminino em couro legitimo polo urban 29,tenis feminino em couro legitimo polo urban 20,0.9524
tenis infantil tenis feminino promocao brinde bolsa l adquir,tenis infantil tenis feminino promocao brinde bolsa u casual,0.952
tenis sapatenis casual feminina chiqui 7890236,tenis sapatenis casual feminina chiqui 7890330,0.9519
tenis mizuno wave prophecy 6 - ref***000017,tenis mizuno wave prophecy 6 - ref***0000039,0.9511
tenis usthemp volare vegano casual estampa carpas,tenis usthemp volare vegano casual estampa sharpei,0.951
tenis usthemp pepper tematico - leao,tenis usthemp pepper tematico - corujinha 2,0.9503
tenis infantil tenis feminino promocao brinde bolsa u casual,tenis infantil tenis feminino promocao brinde bolsa b promoc,0.9496
tenis infantil tenis feminino promocao brinde bolsa l adquir,tenis infantil tenis feminino promocao brinde bolsa p o melh,0.9491
tenis mizuno wave prophecy 6 - ref***000017,tenis mizuno wave prophecy 6 - ref***0000054,0.9488
tenis sapatenis casual feminina chiqui 7890264,tenis sapatenis casual feminina chiqui 7890330,0.9487
tenis usthemp volare vegano casual estampa libra,tenis usthemp volare vegano casual estampa carpas,0.9487
tenis feminino kolosh ref: k7001a,tenis feminino kolosh ref: k4063a,0.9486
zapatillas de hombre ligeras y transpirables-21907,zapatillas de hombre ligeras y transpirables-20331,0.9483
tenis sapatenis casual feminina chiqui 7890263,tenis sapatenis casual feminina chiqui 7890330,0.9482
tenis mizuno wave prophecy 6 - ref***000017,tenis mizuno wave prophecy 6 - ref***0000057,0.948
tenis all star chuck taylor prata - serie limitada,tenis all star chuck taylor lilas prata - serie limitada,0.9473
tenis new balance preto,tenis new balance wl515rfa,0.947
tenis infantil tenis feminino promocao brinde bolsa b promoc,tenis infantil tenis feminino promocao brinde bolsa p o melh,0.9467
tenis bebece t1334-392,tenis bebece,0.9453
tenis infantil tenis feminino promocao brinde bolsa u casual,tenis infantil tenis feminino promocao brinde bolsa p o melh,0.944
tenis corrida mizuno wave creation 22 masculino azul,tenis corrida mizuno wave creation 22 masculino azul marinho,0.9435
tenis infantil tenis feminino promocao brinde bolsa l adquir,tenis infantil tenis feminino promocao brinde bolsa u plataf,0.9425
sapatenis masculino tommy match point 1a azul,sapatenis masculino tommy match point,0.9421
tenis infantil masculino kids e baby m1230,tenis infantil masculino kids e baby m1065,0.9415
tenis infantil tenis infantil feminino brinde bolsa a plataf,tenis infantil tenis infantil feminino brinde bolsa b adquir,0.9411
tenis sapatenis feminino dbmore relogio gold dubuy 024mc,tenis sapatenis feminino dbsmile relogio gold dubuy 311ca,0.9409
tenis skechers go walk evolution ultra impeccable masculino,tenis skechers go walk evolution ultra,0.9408
tenis feminino slip on veroffato 6011002,tenis feminino slip on veroffato 6011003,0.9407
tenis dakota g0521,tenis dakota g0988,0.9404
tenis feminino vizzano 1356101,tenis feminino vizzano 1355101,0.9404
tenis - schutz,tenis schutz.,0.9403
tenis infantil tenis feminino promocao brinde bolsa u plataf,tenis infantil tenis feminino promocao brinde bolsa b promoc,0.9402
tenis converse all star,tenis converse all star skidgrip cvo,0.9377
tenis infantil tenis feminino promocao brinde bolsa u plataf,tenis infantil tenis feminino promocao brinde bolsa u casual,0.9374
tenis infantil feminino ortope 292152-267,tenis infantil feminino ortope 292093-245,0.9371
tenis usthemp one vegano casual estampa libra,tenis usthemp one vegano casual estampa cupcake,0.937
tenis skechers m go walk evolution ultra,tenis skechers go walk evolution ultra impeccable masculino,0.9364
tenis plataforma jeans feminino com ziper-pronta entrega 24h,tenis plataforma jeans feminino com ziper pronta entrega,0.9358
tenis infantil tenis feminino promocao brinde bolsa b sneake,tenis infantil tenis feminino promocao brinde bolsa b promoc,0.9358
mountain bike spaceline vega 2021 aro 29 17 21v freios de disco mecanico cambios indexado y shimano indexado cor preto/cinza,mountain bike spaceline vega 2021 aro 29 17 21v freios de disco mecanico cambios indexado y shimano indexado cor preto/verde,0.9354
bike speed,bike speed 29,0.935
tenis infantil tenis feminino promocao brinde bolsa u plataf,tenis infantil tenis feminino promocao brinde bolsa p o melh,0.9348
tenis chunky dad feminino blogueirinha casual sapatore preto,tenis chunky dad feminino blogueirinha casual sapatore nude,0.9347
bicicleta caloi croos,bicicleta caloi xrt,0.9342
tenis dg g3 porto black deg branco unissex,tenis dg g3 porto black deg branco unissex ouro,0.933
tenis usthemp pepper tematico - leao,tenis usthemp pepper tematico - abobora,0.933
tenis redley ir 10 originals classico modelo summer rosa,tenis redley ir 10 originals summer classico,0.9325
tenis usthemp pepper tematico - vaca 2,tenis usthemp pepper tematico - abobora,0.9324
bicicleta aro 26 ultra bikes feminina bicolor,bicicleta aro 26 ultra bikes feminina bicolor moutain bike,0.9321
bicicleta sense criterium race 2020,bicicleta sense criterium race,0.9321
bicicleta south legend 21v aro 29 pt/az/lrj brilho,bicicleta south legend 21v aro 29 az brilho,0.9309
tenis casual kolosh c0638a feminino,tenis casual kolosh,0.9309
tenis hocks solo - black/white original + frete gratis,tenis hocks solo - black/white original + frete,0.9307
tenis sapatenis feminino dbland relogio gold dubuy 024cb,tenis sapatenis feminino dbsmile relogio gold dubuy 311ca,0.9282
tenis usthemp slip-on tematico - leao,tenis usthemp slip-on tematico - calopsitas,0.928
tenis de corrida masculino under armour charged mind,tenis de corrida masculino under armour charged coolswitch 2,0.9275
tenis feminino lupita ii verao 2021 petite jolie pj5442,tenis slip on lupita ii verao 2021 petite jolie pj5443,0.9263
sapatenis tenis feminino flay izabela araujo 101 branco,sapatenis tenis feminino izabela araujo 101 branco,0.926
tenis hocks galactica grafite/white,tenis hocks galactica grafite,0.9259
tenis skechers max cushioning premier feminino,tenis skechers max cushioning premier masculino - masculino,0.9257
tenis infantil tenis feminino promocao brinde bolsa l adquir,tenis infantil tenis feminino promocao brinde bolsa c tenis,0.9256
tenis usthemp volare vegano casual estampa libra,tenis usthemp volare vegano casual estampa sharpei,0.925
tenis asics patriot 12 feminino,tenis asics patriot 12 feminino tr,0.9243
tenis usthemp pepper tematico - corujinha 2,tenis usthemp pepper tematico - abobora,0.9239
tenis usthemp pepper tematico - leao,tenis usthemp pepper tematico - groundmade,0.9238
tenis infantil tenis feminino promocao brinde bolsa b sneake,tenis infantil tenis feminino promocao brinde bolsa l adquir,0.9237
taanis feminino rosa - ultimas pecas!,sapatenis feminino rosa - ultimas pecas!,0.9236
tenis infantil feminino escolar menina escola j envio imedia,tenis infantil feminino escolar menina escola g envio expres,0.9234
tenis usthemp pepper tematico - vaca 2,tenis usthemp pepper tematico - groundmade,0.9232
tenis feminino dakota g3983,tenis feminino dakota g2482,0.9232
tenis dakota g0988,tenis dakota g4142,0.9228
tenis infantil tenis feminino promocao brinde bolsa c tenis,tenis infantil tenis feminino promocao brinde bolsa b promoc,0.9228
tenis converse all star,tenis converse all star stoke - preto,0.9221
tenis infantil tenis feminino promocao brinde bolsa f premiu,tenis infantil tenis feminino promocao brinde bolsa l adquir,0.9218
tenis feminino olympikus anyway cinza,tenis feminino olympikus anyway,0.9217
tenis infantil tenis feminino promocao brinde bolsa c tenis,tenis infantil tenis feminino promocao brinde bolsa u casual,0.9211
tenis puma flyer runner masculino - 195060-02,tenis puma flyer runner masculino,0.9211
tenis feminino activitta tecido,tenis feminino activitta tecido confortavel,0.921
tenis on running cloud preto/ branco masculino,tenis on running cloud masculino preto e branco,0.9205
tenis infantil tenis feminino promocao brinde bolsa f premiu,tenis infantil tenis feminino promocao brinde bolsa b promoc,0.9202
tenis sneaker feminino blogueira confortavel leve dia dia,tenis sneaker feminino leve dia dia blogueira confortavel,0.9202
tenis usthemp chunky smooth tem - corujinha 2,tenis usthemp chunky smooth tem - memories,0.9198
tenis vert v-10 verde agua,tenis vert v-10 verde agua t.luxury,0.9188
tenis skatista 35 preto sapatenis rb original old charger,tenis skatista 38 preto sapatenis rb original old charger,0.9188
tenis infantil tenis feminino promocao brinde bolsa u barato,tenis infantil tenis feminino promocao brinde bolsa l adquir,0.9187
tenis fila racer for all masculino corrida - caminhada,tenis fila racer for all feminino corrida - caminhada,0.9187
tenis new balance!,tenis new balance preto,0.9187
tenis infantil tenis feminino promocao brinde bolsa b sneake,tenis infantil tenis feminino promocao brinde bolsa u casual,0.9186
tenis casual masculino em couro com cadarco cor marrom,tenis casual masculino em couro com cadarco marrom,0.9175
tenis infantil tenis feminino promocao brinde bolsa c tenis,tenis infantil tenis feminino promocao brinde bolsa p o melh,0.9174
tenis modare ultraconforto,tenis modare ultraconforto casual feminino,0.9174
tenis infantil masculino molekinho 2136130,tenis infantil masculino molekinho,0.9167
tenis de skate mad rats old school vinho original,tenis de skate mad rats old school original,0.9167
tenis infantil tenis feminino promocao brinde bolsa f premiu,tenis infantil tenis feminino promocao brinde bolsa u casual,0.9166
tenis infantil tenis feminino promocao brinde bolsa b sneake,tenis infantil tenis feminino promocao brinde bolsa p o melh,0.9164
tenis infantil tenis feminino promocao brinde bolsa u barato,tenis infantil tenis feminino promocao brinde bolsa b promoc,0.9164
tenis usthemp long vegano casual estampa golfinho,tenis usthemp long vegano casual estampa nazca,0.9162
black friday tenis infantil black friday tenis promocao,tenis infantil black friday promocoes black friday tenis,0.916
tenis feminino sola alta shoes plataforma a plataforma,tenis feminino sola alta shoes plataforma a barato,0.9159
tenis skechers go walk evolution ultra impeccable masculino,tenis skechers go walk evolution ultra - original,0.9158
sapatenis masculino preto ferracini 7250-630a couro 2021,sapatenis masculino ferracini 7250-630a - preto couro 2021,0.9157
tenis usthemp pepper tematico - groundmade,tenis usthemp pepper tematico - corujinha 2,0.9149
tenis usthemp volare vegano casual estampa joaninha,tenis usthemp volare vegano casual estampa carpas,0.9146
tenis infantil tenis feminino promocao brinde bolsa f premiu,tenis infantil tenis feminino promocao brinde bolsa p o melh,0.9145
tenis santa lolla knit rosa,tenis santa lolla knit no,0.9143
tenis versace roxo flex,tenis versace roxo flex ouro,0.9141
sapatilha ciclismo bike absolute mtb prime preto tam 42br,sapatilha ciclismo bike absolute mtb prime preto,0.9141
tenis infantil tenis feminino promocao brinde bolsa u barato,tenis infantil tenis feminino promocao brinde bolsa u casual,0.9138
tenis via marte chunky feminino,tenis via marte chunky,0.9133
tenis masculino basquete six street fly preto,tenis masculino basquete six street fly preto + brinde !,0.9133
tenis dakota g0521,tenis dakota g4142,0.9129
tenis infantil tenis feminino promocao brinde bolsa c envio,tenis infantil tenis feminino promocao brinde bolsa l adquir,0.9126
tenis de pelinho infantil,tenis de pelinho,0.9124
tenis bufalo sal e pimenta original preto,tenis bufalo sal pimenta,0.9123
tenis infantil tenis feminino promocao brinde bolsa j bebe,tenis infantil tenis feminino promocao brinde bolsa l adquir,0.9117
tenis oakley dana point 2.0 (13527br-60b),tenis oakley dana point 2.0 - 13527br-202,0.9117
tenis fila trend 2.0 - feminino,tenis fila trend 2.0 feminino - original,0.9115
tenis infantil tenis feminino promocao brinde bolsa u barato,tenis infantil tenis feminino promocao brinde bolsa p o melh,0.9111
tenis infantil tenis feminino promocao brinde bolsa u plataf,tenis infantil tenis feminino promocao brinde bolsa c tenis,0.9107
tenis via marte 20-4002,tenis via marte 20-6462,0.9106
tenis - schutz,tenis schutz s212510005,0.9105
tenis infantil tenis feminino promocao brinde bolsa c envio,tenis infantil tenis feminino promocao brinde bolsa b promoc,0.9104
tenis infantil tenis feminino promocao brinde bolsa b sneake,tenis infantil tenis feminino promocao brinde bolsa u plataf,0.9103
tenis infantil menina pink cats,tenis casual infantil menina pink cats,0.9101
tenis masculino leve p/ caminhada academia promocao 12,tenis masculino leve p/ caminhada academia promocao 11,0.9098
tenis branco feminino capricho like class monocolor,tenis feminino capricho like class monocolor,0.9097
tenis usthemp long tematico - nina fancy,tenis usthemp long tematico - jardim secreto,0.9097
tenis labellamafia original,tenis labellamafia preto,0.9095
tenis infantil tenis feminino promocao brinde bolsa j bebe,tenis infantil tenis feminino promocao brinde bolsa b promoc,0.9094
tenis casual feminino kolosh c1808,tenis casual feminino kolosh c1309,0.9089
tenis infantil tenis feminino promocao brinde bolsa f premiu,tenis infantil tenis feminino promocao brinde bolsa u plataf,0.9084
sapatenis slip on couro bovino nobuck azul forro de couro,sapatenis slip on couro bovino nobuck cafe forro de couro,0.9079
tenis infantil tenis feminino promocao brinde bolsa c envio,tenis infantil tenis feminino promocao brinde bolsa u casual,0.9077
sapatilha mtb bike avva preta 3 velcros ciclismo,sapatilha mtb bike avva preta 3 velcros,0.9073
tenis feminino casual flatform mississipi q3091,tenis feminino flatform mississipi q3091,0.9071
tenis infantil tenis feminino promocao brinde bolsa j bebe,tenis infantil tenis feminino promocao brinde bolsa u casual,0.9069
tenis coca-cola feminino blend leather em couro preto,tenis coca-cola feminino blend leather,0.9064
tenis feminino sola alta shoes plataforma bebe,tenis feminino sola alta shoes plataforma a plataforma,0.9061
tenis versace roxo flex prata,tenis versace roxo flex,0.9059
tenis feminino kolosh c1323a,tenis feminino kolosh arya,0.9055
bicicleta south legend 21v aro 29 pt/lrj brilho,bicicleta south legend 21v aro 29 az brilho,0.9054
tenis adidas advantage base masculino - preto ee7693,tenis adidas advantage base preto,0.9052
tenis infantil tenis feminino promocao brinde bolsa c envio,tenis infantil tenis feminino promocao brinde bolsa p o melh,0.9051
tenis infantil tenis feminino promocao brinde bolsa u barato,tenis infantil tenis feminino promocao brinde bolsa u plataf,0.9049
tenis comfortflex 21-58401,tenis comfortflex 21-62305 feminina,0.9049
tenis skechers solar fuse - gravity,tenis skechers solar fuse gravity experience feminino corrid,0.9047
tenis kolosh c0522,tenis kolosh c0901a,0.9044
tenis infantil tenis feminino promocao brinde bolsa j bebe,tenis infantil tenis feminino promocao brinde bolsa p o melh,0.9041
tenis jordan m8,tenis jordan original,0.9035
tenis usthemp chunky smooth tem- groundmade,tenis usthemp chunky smooth tem - corujinha 2,0.9031
tenis oakley flak 1.2 khaki original,tenis oakley flak 1.3 - original,0.9025
tenis infantil masculino ortope dna flex,tenis infantil masculino dna flex ortope,0.9025
tenis usthemp folks vegano casual estampa snes,tenis usthemp folks vegano casual estampa olly,0.9022
tenis adidas galaxy 5 branco,tenis adidas galaxy 5 branco original,0.901
tenis dakota preto g0841,tenis dakota g0988,0.9008
tenis nike air max 90 37,tenis nike air max 90 preto,0.9006
tenis adidas vl court 2.0 preto,tenis adidas vl court f35127,0.9002
tenis olympikus - candy feminino,tenis olympikus candy feminino azul,0.9001
tenis casual infantil menina pink cats colecao2022,tenis casual infantil menina pink cats,0.9
tenis feminino preto c/ aplique - torricella,tenis feminino preto 1579a - torricella,0.8997
tenis mizuno wave guardian 4 feminino confortavel oferta,tenis mizuno wave guardian 4 masculino confortavel oferta,0.8991
tenis infantil tenis feminino promocao brinde bolsa c envio,tenis infantil tenis feminino promocao brinde bolsa u plataf,0.899
tenis usthemp pepper tematico - groundmade,tenis usthemp pepper tematico - abobora,0.899
tenis d&g milano,tenis d & g milano,0.8989
bicicleta antiga odomo odometa,bicicleta antiga,0.8987
bicicleta aro 29 dropp sport 21v f a disco preto/amr c/ susp,bicicleta aro 29 dropp sport 21v f disco preto e cinza susp,0.8985
tenis usthemp move tematico - disrupted,tenis usthemp move tematico - schnauzer,0.8981
tenis infantil tenis feminino promocao brinde bolsa c envio,tenis infantil tenis feminino promocao brinde bolsa c tenis,0.8981
tenis puma smash v2 bdp masculino,tenis puma smash v2 bdp 367147,0.898
tenis infantil tenis feminino promocao brinde bolsa j bebe,tenis infantil tenis feminino promocao brinde bolsa u plataf,0.8979
sapatenis masculino ferracini dubay preto - 8380,sapatenis masculino ferracini dip 9377-271,0.8978
bike speed,bike speed redbull,0.8973
tenis usthemp half tematico - yorkshire macho 2,tenis usthemp half tematico - gigio yorkshire,0.897
tenis usthemp volare tematico - gato preto,tenis usthemp volare tematico - gato himalaio,0.8969
sapatenis masculino cavalera original,sapatenis masculino cavalera 59110210,0.8969
tenis usthemp chunky smooth tem - shih-tzu 2,tenis usthemp chunky smooth tem - chico shih-tzu 2,0.8968
tenis dg g3 porto branco deg verde limao shoes,tenis dg g3 porto branco deg verde limao gold,0.8963
tenis farm avenida basico tratorado laco bananatic dom,tenis farm avenida basico tratorado laco bananatic farmete,0.8963
tenis dg porto branco deg verde limao ouro,tenis dg porto branco deg verde limao t.edvaldo,0.8958
sapatilha bike mattos ttr ii vermelha + pedal shimano m520,sapatilha mattos ttr ii vermelha + pedal shimano m520 promo,0.8957
tenis feminino academia caminhada crossfit corrida,tenis feminino academia caminhada crossfit gel corrida,0.8957
tenis unisex super star cano longo 3359 preto e branco 553,tenis unisex super star cano longo sst3348 branco 550,0.8951
tenis infantil tenis infantil feminino brinde bolsa nao perc,tenis infantil tenis infantil feminino brinde bolsa b adquir,0.8942
tenis oakley socket - preto,tenis oakley socket cinza,0.8942
tenis freeday bio - preto/laranja,tenis freeday bio preto/laranja neon/preto - 77002.2,0.8937
tenis dakota chunky feminino - g3591,tenis dakota chunky,0.8936
tenis infantil tenis infantil feminino brinde bolsa a escola,tenis infantil tenis infantil feminino brinde bolsa b adquir,0.8933
tenis usthemp volare vegano casual estampa art sharks,tenis usthemp volare vegano casual estampa sharpei,0.8931
oakley tenis oakley flak 1.3 preto,tenis oakley flak 1.3 - original,0.8924
bicicleta amarela feminina infantil big fat ultra bikes,bicicleta amarela menina infantil big fat ultra bikes,0.8919
tenis infantil tenis feminino promocao brinde bolsa b sneake,tenis infantil tenis feminino promocao brinde bolsa c tenis,0.8914
tenis new balance 38,tenis new balance wl515rfa,0.8912
tenis infantil olympikus enjoy branco 43257726,tenis infantil olympikus enjoy.,0.8912
tenis infantil tenis feminino promocao brinde bolsa f premiu,tenis infantil tenis feminino promocao brinde bolsa b sneake,0.8911
tenis santa lolla knit preto,tenis santa lolla knit no,0.8911
tenis usthemp long tematico - nina fancy,tenis usthemp long tematico - groundmade,0.891
tenis dg sorrento g1 branco star unissex stylo,tenis dg sorrento g1 branco unissex stylo,0.891
tenis dakota preto g0841,tenis dakota g0521,0.8909
tenis usthemp long tematico - nina fancy,tenis usthemp long tematico - deepspace,0.8909
adidas - yeezy boost 350 v2 bred,adidas yeezy boost 350 v2 butter original,0.8906
air jordan 1 mid banned,tenis air jordan mid,0.8902
tenis usthemp volare vegano casual estampa joaninha,tenis usthemp volare vegano casual estampa sharpei,0.89
tenis protection slip-on feminino activitta 4816100,tenis slip-on feminino protection activitta preto 4816100,0.8898
tenis olympikus feminino swift hibisco,tenis olympikus hibisco feminino swift original,0.8896
tenis infantil tenis feminino promocao brinde bolsa f premiu,tenis infantil tenis feminino promocao brinde bolsa c tenis,0.8894
tenis mizuno prophecy 3,mizuno prophecy x n o v o,0.8892
tenis adulto slip on polo farm casual masculino calce facil,tenis adulto polo farm casual masculino calce facil,0.8891
tenis usthemp volare tematico - touro,tenis usthemp volare tematico - memories,0.8888
hd322hj usado,tenis aldo usado,0.8886
tenis oakley flak 1.3 - original,tenis oakley flak 1.3 khaki robust original,0.8882
tenis infantil tenis feminino promocao brinde bolsa u barato,tenis infantil tenis feminino promocao brinde bolsa c tenis,0.8882
tenis adidas advantage base preto,tenis feminino adidas advantage base,0.8879
tenis usthemp long tematico - groundmade,tenis usthemp long tematico - jardim secreto,0.8878
tenis usthemp volare vegano casual estampa libra,tenis usthemp volare vegano casual estampa joaninha,0.8877
tenis usthemp long tematico - jardim secreto,tenis usthemp long tematico - deepspace,0.8877
sapato usthemp legend tematico - coruja branca,sapato usthemp legend tematico - nico,0.8875
tenis infantil tenis feminino promocao brinde bolsa c escola,tenis infantil tenis feminino promocao brinde bolsa l adquir,0.8875
tenis infantil tenis feminino promocao brinde bolsa u barato,tenis infantil tenis feminino promocao brinde bolsa b sneake,0.887
tenis santa lolla knit rosa,tenis santa lolla knit preto,0.8864
tenis olympikus oly 001 feminino,tenis olympikus oly feminino,0.8862
tenis usthemp short tematico - bichon frise,tenis usthemp short tematico - maltes,0.886
tenis infantil feminino com brinde bolsinha a oferta,tenis infantil feminino com brinde bolsinha a meia,0.8859
tenis fila euro jogger sport masculino 11u335x original,tenis fila euro jogger sport masculino marinho 11u335x-4624,0.8859
tenis under armour charged stamina rosa feminino,tenis under armour charged stamina feminino,0.8854
tenis infantil tenis feminino promocao brinde bolsa c escola,tenis infantil tenis feminino promocao brinde bolsa b promoc,0.8853
tenis infantil tenis feminino promocao brinde bolsa u barato,tenis infantil tenis feminino promocao brinde bolsa f premiu,0.8851
tenis infantil feminino escolar menina escola g envio expres,tenis infantil feminino escolar menina escola envio expresso,0.8844
bicicleta aro 29 dropp rs1 pro 27v hidra trava vermelho 15,bicicleta aro 29 dropp rs1 pro 27v fr hidra trava rosa 15,0.8843
tenis feminino olympikus challenger 2 coral,tenis feminino olympikus challenger 2,0.8842
tenis unisex super star cano longo 3359 preto e branco 553,tenis unisex super star cano longo branco novo 3359 554,0.884
tenis under armour charged bandit 6 azul feminino,tenis under armour charged bandit masculino,0.884
tenis kolosh casual sem cadarco elastico c2184 feminino,tenis kolosh casual sem cadarco elastico c1296 feminino,0.8839
tenis infantil tenis infantil feminino brinde bolsa a plataf,tenis infantil tenis infantil feminino brinde bolsa a escola,0.8839
tenis adidas grand court base masculino - marinho,tenis adidas grand court base masculino casual,0.8833
tenis olympikus veloz masculino preto - 5406,tenis olympikus veloz masculino - 01926,0.8832
tenis infantil tenis feminino promocao brinde bolsa b brilha,tenis infantil tenis feminino promocao brinde bolsa b promoc,0.883
tenis infantil tenis feminino promocao brinde bolsa c escola,tenis infantil tenis feminino promocao brinde bolsa u casual,0.8828
tenis coca cola cc1862,tenis coca cola,0.8827
sapatenis masculino ferracini lexus preto - 703726a7,sapatenis masculino ferracini lexus ba,0.8827
tenis olympikus glam feminino - original,tenis olympikus glam 2 feminino original + nfe,0.8825
tenis air force 1 shadow cashmere 34br,air force 1 shadow cashmere (w),0.8824
tenis hocks pulsus ocre/tifa 38,tenis hocks pulsus ocre/tifa 43,0.882
tenis usthemp clash tematico - groundmade,tenis usthemp clash tematico - pequins,0.882
tenis feminino moleca 5665103,tenis feminino moleca,0.882
bicicleta aro 26 tuff preto 21v freio a disco aros branco,bicicleta aro 26 tuff laranja 21v freio a disco aros preto,0.8819
tenis infantil tenis feminino promocao brinde bolsa j bebe,tenis infantil tenis feminino promocao brinde bolsa c tenis,0.8818
tenis redley ir 10 originals classic summer cor pink,tenis redley ir 10 originals summer classico,0.8815
tenis olympikus diffuse origem feminino - original,tenis olympikus diffuse origem masculino,0.8815
tenis usthemp spice tematico - bulldog frances,tenis usthemp spice tematico - gael bulldog frances 5,0.8814
tenis infantil tenis feminino promocao brinde bolsa c envio,tenis infantil tenis feminino promocao brinde bolsa b sneake,0.8813
tenis new balance wl515rfa,tenis new balance n 36,0.8811
tenis modare ultraconforto geltch,tenis modare ultraconforto casual feminino,0.8807
air jordan 4,air jordan 1 prototype,0.8806
tenis feminino sola alta shoes plataforma a plataforma,tenis feminino sola alta shoes plataforma a incrivel,0.8806
tenis led menino infantil luzinha pisca pisca adquira ja,tenis led menino infantil luzinha pisca pisca barato,0.8805
bike scott,bike scott contessa,0.8805
tenis feminino dakota g3983,tenis feminino dakota shunky - g0571,0.8802
tenis infantil tenis feminino promocao brinde bolsa c escola,tenis infantil tenis feminino promocao brinde bolsa p o melh,0.8802
tenis infantil tenis feminino promocao brinde bolsa j bebe,tenis infantil tenis feminino promocao brinde bolsa b sneake,0.8799
tenis infantil feminino escolar menina escola c plataforma,tenis infantil feminino escolar menina escola h original,0.8799
tenis puma vikky plataform bdp feminino,tenis puma original urban vikky plataform bdp feminino,0.8795
tenis infantil tenis feminino promocao brinde bolsa c envio,tenis infantil tenis feminino promocao brinde bolsa f premiu,0.8795
bike scott aro 29,bike scott,0.8794
tenis usthemp chunky smooth tem- groundmade,tenis usthemp chunky smooth tem - memories,0.8792
tenis infantil feminino com brinde bolsinha a meia,tenis infantil feminino com brinde bolsinha sneaker,0.8782
tenis infantil tenis feminino promocao brinde bolsa f premiu,tenis infantil tenis feminino promocao brinde bolsa j bebe,0.8781
tenis vizzano casual pelica preto 1214.205,tenis vizzano casual feminino pelica 1214.205 original,0.878
tenis molekinha infantil,tenis molekinha infantil feminino 2516214,0.8778
tenis feminino dakota shunky - g0571,tenis feminino dakota g2482,0.8777
tenis infantil tenis infantil feminino brinde bolsa nao perc,tenis infantil tenis infantil feminino brinde bolsa a plataf,0.8775
tenis columbia firecamp remesh,tenis columbia firecamp remesh masculino - azul,0.8774
tenis infantil feminino escolar menina escola e jogging,tenis infantil feminino escolar menina escola h original,0.8772
tenis fila racer for all feminino corrida - caminhada,tenis feminino corrida caminhada running fila racer for all,0.877
tenis de corrida masculino under armour charged bright,tenis de corrida masculino under armour charged mind,0.8767
tenis sapatenis masculino carteira e relogio dubuy 1100ca,kit sapatenis tenis masculino carteira e relogio dubuy,0.8767
tenis infantil feminino com brinde bolsinha full,tenis infantil feminino com brinde bolsinha a meia,0.8762
tenis couro oakley modoc low 3.0 masculino - marrom+bege,tenis couro oakley modoc low 3.0 masculino,0.8761
tenis infantil tenis feminino promocao brinde bolsa u barato,tenis infantil tenis feminino promocao brinde bolsa c envio,0.8761
tenis dg sorrento preto rosa unissex,tenis dg sorrento preto rosa unissex t.gabriel,0.8758
tenis adidas infantil altarun k cq0037 original,tenis adidas infantil altasport k b37965 original,0.8756
tenis usthemp folks vegano casual estampa olly,tenis usthemp folks vegano casual estampa pequines,0.8755
tenis infantil tenis feminino promocao brinde bolsa u barato,tenis infantil tenis feminino promocao brinde bolsa j bebe,0.8752
tenis nike air max 90 feminino,tenis nike air max 90 preto,0.875
tenis skechers max cushioning premier feminino,tenis skechers max cushioning premier feminino corrida - cam,0.8747
tenis esportivo feminino adrun soft gel 9602f-1204 azul,tenis esportivo feminino adrun soft gel 9602f-1112 cinza,0.8746
tenis infantil blogueirinha plataforma brinde b juvenil,tenis infantil blogueirinha plataforma brinde b xom luz,0.8746
tenis dakota preto g0841,tenis dakota g4142,0.8744
tenis moleca feminino sider bege - 5672,tenis moleca feminino sider,0.8744
tenis infantil tenis feminino promocao brinde bolsa c escola,tenis infantil tenis feminino promocao brinde bolsa u plataf,0.8742
tenis anacapri retro,tenis anacapri,0.8741
tenis skechers go walk 15900 rosa,skechers go walk 5 - 15925,0.874
televisao,"televisao mitsubishi, o barateiro",0.8739
tenis infantil feminino escolar menina escola d original,tenis infantil feminino escolar menina escola c plataforma,0.8738
tenis infantil tenis feminino promocao brinde bolsa c escola,tenis infantil tenis feminino promocao brinde bolsa c tenis,0.8735
tenis - schutz,tenis schutz s212720003 preto,0.8734
bicicleta caloi vinte e nove,bicicleta caloi xrt,0.8731
tenis masculino under armour charged stamina,tenis under armour charged stamina masculino original,0.8728
tenis infantil tenis infantil feminino brinde bolsa premium,tenis infantil tenis infantil feminino brinde bolsa b adquir,0.8726
tenis melissa street ii,tenis melissa street 32898 rosa,0.8722
tenis infantil tenis feminino promocao brinde bolsa b brilha,tenis infantil tenis feminino promocao brinde bolsa l adquir,0.8721
tenis usthemp chunky smooth tem - corujinha 2,tenis usthemp chunky smooth tem - medicina veterinaria,0.8721
sapatenis masculino casual conforto dia a dia,kit 3 pares sapatenis masculino casual conforto dia a dia,0.8721
tenis de treino feminino under armour w hovr apex 2,tenis de treino masculino under armour hovr apex,0.872
tenis mississipi bertini feminino q2283-0004,tenis mississipi q4104,0.8717
bicicleta caloi preta,bicicleta caloi xrt,0.8715
tenis olympikus fourty - masculino,tenis olympikus fourty masculino - marinho,0.8714
tenis usthemp spice tematico - bikes 2,tenis usthemp spice tematico - dalmata 2,0.8713
tenis infantil feminino escolar menina escola d original,tenis infantil feminino escolar menina escola e jogging,0.871
tenis asics gel resolution 8 clay masculino saibro,tenis asics gel resolution 8 clay feminino - saibro- 2021,0.8707
tenis menino infantil bibi roller 2.0 pratico sem cadarco,tenis infantil menino bibi roller 2.0 pratico sem cadarco,0.8706
tenis infantil blogueirinha plataforma brinde b antiderrapan,tenis infantil blogueirinha plataforma brinde b xom luz,0.8703
kit 2 tenis masculino caminhada academia levinho casual,tenis masculino caminhada academia levinho casual e original,0.8703
tenis feminino actvitta - 4215413,tenis feminino actvitta - 4202220,0.8701
tenis usthemp long tematico - groundmade,tenis usthemp long tematico - deepspace,0.87
sapato usthemp legend tematico - nico,sapato usthemp legend tematico - pug 3,0.87
tenis keds basico lona 40,tenis keds basico lona 37,0.8697
tenis infantil feminino - pink cats v0592,tenis infantil feminino pink cats chunk,0.8696
tenis infantil tenis feminino promocao brinde bolsa c envio,tenis infantil tenis feminino promocao brinde bolsa j bebe,0.8694
tenis botinha star cano alto bota feminina all origi,tenis botinha star cano alto bota feminina all conserve,0.8691
bicicleta infantil aro 16 bike cross - 4 a 8 anos,bike cross bicicleta infantil aro 16 4 a 8 anos menino verde,0.8688
tenis usthemp pepper tematico - cavalier king c.s- br/cr,tenis usthemp pepper tematico - cavalier king c.s-marrom,0.8685
tenis infantil tenis feminino promocao brinde bolsa u nao pe,tenis infantil tenis feminino promocao brinde bolsa l adquir,0.8685
sapato usthemp legend tematico - nico,sapato usthemp legend tematico - pug 4,0.8685
tenis infantil tenis feminino promocao brinde bolsa p nao pe,tenis infantil tenis feminino promocao brinde bolsa l adquir,0.8685
bike orbea,bike orbea ssn technology,0.8684
tenis converse all star stoke - preto,tenis converse all star skidgrip cvo,0.8682
tenis feminino sola alta shoes plataforma bebe,tenis feminino sola alta shoes plataforma a barato,0.8682
tenis fila iconic esportivo masculino preto,tenis fila iconic esportivo masculino - original,0.8681
tenis em tela preta com couro legitimo marina mello,tenis em tela branca com couro legitimo marina mello,0.8681
tenis mizuno guardian 3 masculino - preto e dourado,tenis masculino mizuno guardian 3 preto dourado original,0.8681
tenis oakley dana point masculino preto,tenis oakley dana point 2.0 (13527br-60b),0.8679
bicicleta adulta bicolor rebaixada aro 26 ultra bikes,bike leve bicolor rebaixada aro 26 ultra bikes,0.8677
tenis infantil tenis feminino promocao brinde bolsa b brilha,tenis infantil tenis feminino promocao brinde bolsa u casual,0.8676
wave prophecy x mizuno pro 10 knit importado,tenis wave prophecy x mizuno pro 10 importado a pronta ent.,0.8669
tenis fila recovery feminino original,tenis fila recovery feminino preto,0.8669
tenis usthemp volare tematico - touro,tenis usthemp volare tematico - unicloud,0.8668
tenis coca-cola feminino blend leather em couro preto,tenis coca-cola preto em couro blend leather original,0.8667
tenis - schutz,tenis schutz neo white. tenis schutz original.,0.8667
sapato usthemp legend tematico - rottweiler,sapato usthemp legend tematico - nico,0.8663
tenis infantil tenis feminino promocao brinde bolsa u nao pe,tenis infantil tenis feminino promocao brinde bolsa b promoc,0.866
tenis infantil tenis feminino promocao brinde bolsa p nao pe,tenis infantil tenis feminino promocao brinde bolsa b promoc,0.866
tenis mizuno guardian 3 masculino - preto e dourado,tenis mizuno preto dourado masculino guardian 3 original,0.8659
tenis schutz s212510005,tenis schutz.,0.8659
tenis usthemp chunky smooth tem - skull mistic,tenis usthemp chunky smooth tem - corujinha 2,0.8655
tenis plataforma feminino couro nobuck nude e preto,tenis chunky plataforma feminino couro nobuck nude e preto,0.8655
tenis kolosh c2542,tenis kolosh c0522,0.8654
tenis usthemp folks vegano casual estampa snes,tenis usthemp folks vegano casual estampa pequines,0.8654
tenis burberry xadrez marrom t.denis,tenis burberry xadrez marrom gold,0.8652
tenis usthemp volare tematico - touro,tenis usthemp volare tematico - akita br,0.865
tenis new balance 009 | casual masculino,tenis new balance 997 | casual masculino,0.865
tenis infantil tenis feminino promocao brinde bolsa b brilha,tenis infantil tenis feminino promocao brinde bolsa p o melh,0.8648
sapatilha absolute nero mtb 2021 preto e vermelho,sapatilha absolute nero mtb preto vermelho 2021 ciclismo,0.8645
tenis usthemp one vegano casual estampa geek dog,tenis usthemp one vegano casual estampa cupcake,0.8645
tenis uv muda de cor no sol otima qualidade.,tenis uv muda de cor no sol qualidade e qualidade,0.8645
tenis under armour hovr phantom 2 masculino,tenis under armour hovr phantom 2 original + nfe,0.8642
tenis slip on casual feminino flat form tenehi veludo,slip on veludo tenehi flat form,0.8641
tenis infantil tenis feminino promocao brinde bolsa u nao pe,tenis infantil tenis feminino promocao brinde bolsa u casual,0.8641
tenis infantil tenis feminino promocao brinde bolsa p nao pe,tenis infantil tenis feminino promocao brinde bolsa u casual,0.8641
tenis beira rio conforto flat feminino,tenis beira rio conforto,0.8639
kit 2 tenis feminino academia original corrida caminhada,tenis feminino academia original corrida caminhada leve,0.8639
tenis feminino infantil camurca menina molekinha 21631008,tenis feminino infantil camurca molekinha 21631008,0.8636
tenis feminino sola alta shoes plataforma a kichute,tenis feminino sola alta shoes plataforma a plataforma,0.8635
tenis new balance!,tenis new balance 38,0.8633
tenis hocks skate flat lite ginger original envio imediato,tenis hocks skate flat lite ice navy original envio imediato,0.8633
tenis casual kolosh c0638a feminino,tenis casual kolosh feminino c2761,0.8632
tenis usthemp one tematico - design,tenis usthemp one tematico - news!,0.8631
tenis feminino bege sola plataforma estilo conga sola alta,tenis feminino preto sola plataforma estilo conga sola alta,0.8628
tenis infantil blogueirinha plataforma brinde b promocao,tenis infantil blogueirinha plataforma brinde b xom luz,0.8623
tenis adidas lite racer 2.0 fz0389,tenis masculino adidas lite racer 2.0 fz0394,0.8621
tenis pampili pom pom 108.178 108.178,tenis pampili pom pom /rosa glace108.179 108.179,0.862
tenis usthemp slip-on tematico - leao,tenis usthemp slip-on tematico - raposa,0.8615
tenis infantil tenis feminino promocao brinde bolsa u nao pe,tenis infantil tenis feminino promocao brinde bolsa p o melh,0.861
tenis dg sorrento g1 liso preto unissex shoes,tenis dg sorrento g1 liso preto unissex diamon,0.861
tenis kolosh c2542,tenis kolosh c0901a,0.861
tenis infantil tenis feminino promocao brinde bolsa p nao pe,tenis infantil tenis feminino promocao brinde bolsa p o melh,0.861
tenis infantil tenis feminino promocao brinde bolsa c escola,tenis infantil tenis feminino promocao brinde bolsa c envio,0.8609
tenis mizuno preto dourado masculino guardian 3 original,tenis masculino mizuno guardian 3 preto dourado original,0.8604
tenis asics gel resolution 8 clay masculino - saibro- new,tenis asics gel resolution 8 clay feminino - saibro- 2021,0.8604
tenis olympikus saga - feminino,tenis olympikus saga feminino - marinho,0.8604
tenis ous imigrante oe branco,tenis ous imigrante,0.8604
tenis asics gel resolution 8 clay masculino saibro,tenis asics gel resolution 8 clay,0.8601
tenis infantil blogueirinha plataforma brinde premium,tenis infantil blogueirinha plataforma brinde b xom luz,0.8597
tenis asics gel resolution 8 clay feminino - saibro- 2021,tenis asics gel resolution 8 clay,0.8596
tenis infantil feminino escolar menina escola d original,tenis infantil feminino escolar menina escola d o mais vend,0.8596
televisao 42,televisao,0.8596
tenis unisex super star cano longo branco novo 3359 554,tenis unisex super star cano longo sst3348 branco 550,0.8594
tenis new balance 850 | casual feminino,tenis new balance 45x | casual feminino,0.8593
tenis olympikus fourty - masculino,tenis olympikus fourty,0.8589
kit 02 pares sapatilha sapatenis ciclista bike trilha,kit 02 pares sapatilha sapatos ciclista bike trilha refletiv,0.8588
tenis masculino olympikus index / 767,tenis masculino olympikus index 767 azul/preto,0.8588
tenis infantil tenis feminino promocao brinde bolsa b brilha,tenis infantil tenis feminino promocao brinde bolsa u plataf,0.8587
slip on sapatinho reggae psicodelico novidade envio imediato,slip on sapatinho caveira reggae novidade envio imediato,0.8584
tenis usthemp volare vegano casual estampa art sharks,tenis usthemp volare vegano casual estampa carpas,0.8584
tenis hero 223 preto preferida,tenis hero 223 caramelo preferida,0.8584
sapatenis casual masculino zabath com ziper vermelho,sapatenis casual masculino zabath com ziper preto,0.8582
tenis feminino plataforma bordado fe super promocao,tenis feminino plataforma bordado fe,0.8581
tenis ous naccarato couro all black gold essencial preto,tenis ous naccarato masculino all black gold essencial,0.8578
tenis under armour charged stamina feminino,tenis under armour charged stamina masculino original,0.8578
tenis usthemp volare tematico - memories,tenis usthemp volare tematico - unicloud,0.8577
tenis olympikus saga feminino marinho,tenis olympikus saga - feminino,0.8576
tenis infantil tenis feminino promocao brinde bolsa c escola,tenis infantil tenis feminino promocao brinde bolsa b sneake,0.857
tenis infantil feminino com brinde bolsinha a oferta,tenis infantil feminino com brinde bolsinha sneaker,0.857
tenis infantil masculino bibi agility couro marrom 1061166,tenis infantil bibi agility masculino couro marrom 1046278,0.857
tenis infantil tenis infantil feminino brinde bolsa premium,tenis infantil tenis infantil feminino brinde bolsa a plataf,0.8569
bicicleta infantil nathor aro 16 menino tech boys 5 a 8 anos,bicicleta infantil nathor menino tech boys aro16 5 a 8 anos,0.8565
tenis usthemp clash tematico - setter irlands 2,tenis usthemp clash tematico - pequins,0.8561
tenis feminino kolosh c2783 preto,tenis feminino kolosh c1323a,0.8561
bicicleta ultra bikes unisex aro 24 chrome line,bicicleta ultra bikes aro 24 chrome line feminina,0.8553
tenis infantil tenis feminino promocao brinde bolsa b brilha,tenis infantil tenis feminino promocao brinde bolsa b sneake,0.8553
tenis infantil tenis feminino promocao brinde bolsa c escola,tenis infantil tenis feminino promocao brinde bolsa f premiu,0.8552
tenis feminino slip on via marte 2111303 branco 1645,tenis feminino slip on via marte 2111303 rose 1564,0.855
tenis usthemp volare tematico - memories,tenis usthemp volare tematico - akita br,0.8549
sapatenis masculino couro legitimo ranster confortavel gel,sapatenis masculino confortavel couro legitimo ranster,0.8549
tenis infantil tenis feminino promocao brinde bolsa p nao pe,tenis infantil tenis feminino promocao brinde bolsa u plataf,0.8548
tenis infantil tenis feminino promocao brinde bolsa u nao pe,tenis infantil tenis feminino promocao brinde bolsa u plataf,0.8548
tenis kolosh feminino jogging casual confortavel k4061,tenis kolosh jogging casual confortavel k4064 feminino,0.8547
tenis infantil feminino com brinde bolsinha full,tenis infantil feminino com brinde bolsinha a oferta,0.8547
tenis usthemp chunky smooth tem - shih-tzu 2,tenis usthemp chunky smooth tem - corujinha 2,0.8543
tenis infantil feminino com brinde bolsinha full,tenis infantil feminino com brinde bolsinha sneaker,0.8542
tenis new balance!,tenis new balance n 36,0.8539
tenis brave 5 mizuno original azul escuro masculino confort,tenis masculino brave 5 mizuno original azul escuro solado,0.8537
tenis nike air max 90 37,tenis nike air max 90 feminino,0.8533
tenis salomon feminino - speedcross 5,tenis speedcross 5 feminino salomon,0.8533
tenis feminino coca-cola atlanta wave,tenis coca-cola atlanta wave feminino preto - 5738,0.8533
tenis usthemp move tematico - mucca,tenis usthemp move tematico - disrupted,0.8528
tenis usthemp chunky smooth tem - memories,tenis usthemp chunky smooth tem - medicina veterinaria,0.8526
tenis nike air max 90 vinho,tenis nike air max 90 preto,0.8523
tenis lynd memory pink,tenis lynd memory feminino,0.8521
tenis infantil tenis feminino promocao brinde bolsa c escola,tenis infantil tenis feminino promocao brinde bolsa u barato,0.852
tenis infantil feminino escolar menina escola d o mais vend,tenis infantil feminino escolar menina escola h original,0.852
tenis usthemp glam custom - illustrate pet roses,tenis usthemp glam custom - illustrate: encomende,0.852
sapatilha para bicicleta high one mtb one feminina ciclismo,sapatilha para ciclismo high one mtb one masculina,0.8519
tenis feminino kolosh angel rosa - k4061a,tenis feminino kolosh angel,0.8517
sapatenis masculino em couro legitimo com elastico promocao,sapatenis masculino casual em couro legitimo com elastico,0.8517
tenis feminino animal print moda skate,"tenis feminino , animal print",0.8515
"tenis mvp cross training - cross, academia e funcional - mvp","tenis cross training mvp - funcional, academia e cross - mvp",0.8514
tenis capricho likes canvas vermelho,tenis capricho likes canvas amarelo,0.8514
tenis usthemp clash tematico - groundmade,tenis usthemp clash tematico - setter irlands 2,0.851
tenis olympikus 195g ultraleve masculino preto original,tenis olympikus 195g ultraleve - masculino,0.851
tenis usthemp slip-on tematico - lulu da pomerania,tenis usthemp slip-on tematico - leao,0.8507
tenis infantil blogueirinha plataforma brinde a kichute,tenis infantil blogueirinha plataforma brinde b xom luz,0.8507
tenis dg sorrento g1 preto unissex shoes,tenis dg sorrento g1 liso preto unissex shoes,0.8506
tenis petite jolie space preto - pj5858,tenis petite jolie pj5590,0.8505
tenis feminino olympikus sunna/769,tenis olympikus sunna feminino 769,0.8504
tenis infantil feminino escolar menina escola a promocional,tenis infantil feminino escolar menina escola h original,0.8503
sapatos kit bom e barato trilupy,sapatenis kit bom e barato trilupy,0.8502
tenis usthemp long tematico - nina fancy,tenis usthemp long tematico - teckel 2,0.8499
monark tigrao,bicicleta monark tigrao,0.8493
tenis usthemp long tem - shark sparrow bull terrier,tenis usthemp move tem - shark sparrow bull terrier 3,0.8493
bicicleta aro 29 mountain bike,bicicleta aro 29 mountain bike colli bike,0.8491
bicicleta bike infantil menina ultra bikes big fat pro tork,bicicleta menina infantil aro16 ultra bikes big fat pro tork,0.8488
tenis usthemp volare tematico - touro,tenis usthemp volare tematico - papagaio 2,0.8485
tenis meia antiderrapante lycra azul dinossauros molekinho,tenis meia lycra azul dinossauros molekinho,0.8483
tenis feminino dakota g3983,tenis feminino dakota lunetti preto - g084,0.848
tenis olympikus vortex masculino,tenis olympikus vortex cinza,0.8479
tenis usthemp move tematico - disrupted,tenis usthemp move tematico - husky,0.8477
tenis vanessa fashion preto,tenis fashion,0.8473
tenis olympikus reacao esportivo feminino,tenis olympikus reacao feminino,0.8471
tenis mizuno wave frontier 12 cinza,tenis mizuno wave frontier 12 masculino cinza - original,0.8468
tenis usthemp long tematico - teckel 2,tenis usthemp long tematico - jardim secreto,0.8464
tenis usthemp long tematico - nina fancy,tenis usthemp long tematico - snes,0.8463
taanis feminino rosa - ultimas pecas!,rosa barato - ultimas pecas!,0.8462
bicicleta infantil nathor aro 12 charm,bicicleta infantil aro 12 charm nathor + brinde,0.8458
tenis usthemp clash tematico - papagaio 2,tenis usthemp clash tematico - pequins,0.8458
tenis olympikus vortex cinza,tenis olympikus vortex - masculino,0.8458
tenis feminino dakota g2482,tenis feminino dakota lunetti preto - g084,0.8456
tenis dg porto branco deg lilas unissex t.denis,tenis dg porto branco deg lilas unissex dgriffe,0.8456
tenis feminino puma smash v2,tenis puma smash v2 - preto,0.8455
tenis new balance 45x | casual feminino,tenis new balance wl515rfa,0.8454
tenis under armour charged stamina rosa feminino,tenis under armour charged stamina masculino original,0.8453
bicicleta infantil aro 12 charm feminina - nathor,bicicleta infantil aro 12 charm nathor + brinde,0.8451
tenis feminino sola alta shoes plataforma a incrivel,tenis feminino sola alta shoes plataforma a barato,0.845
tenis olympikus fourty,tenis olympikus fourty - 772 preto,0.845
tenis feminino kolosh c2783 preto,tenis feminino kolosh arya,0.8448
"tenis mvp cross training - cross, academia, funcional - mvp","tenis cross training mvp - funcional, academia e cross - mvp",0.8448
tenis slip on esporao fascite plantar modare ultraconforto,tenis modare ultraconforto esporao fascite coluna,0.8443
tenis infantil feminino escolar menina escola d original,tenis infantil feminino escolar menina escola a promocional,0.8442
tenis feminino actvitta - 4802103,tenis feminino actvitta - 4215413,0.8442
tenis usthemp clash tematico - pequins,tenis usthemp clash tematico - kombi,0.8442
tenis infantil tenis feminino promocao brinde bolsa b brilha,tenis infantil tenis feminino promocao brinde bolsa c tenis,0.8442
tenis usthemp amy tematico - perdigueiro,tenis usthemp amy tematico - ballet 2,0.844
tenis infantil masculino molekinho cano alto,tenis infantil masculino molekinho,0.8437
tenis feminino capricho branco like canvas stripes cp0759,tenis capricho like canvas stripes cp0759,0.8437
tenis schutz s212720003 preto,tenis schutz s212510005,0.8436
tenis new balance preto,tenis new balance 38,0.8435
tenis dg sorrento g1 amarelo unissex stylo,tenis dg sorrento g1 amarelo unissex prata,0.8431
tenis usthemp long tematico - snes,tenis usthemp long tematico - jardim secreto,0.8428
tenis under armour charged stamina feminino,tenis masculino under armour charged stamina,0.8425
tenis usthemp spice tematico - dalmata 2,tenis usthemp spice tematico - tomate,0.842
tenis infantil blogueirinha plataforma brinde b juvenil,tenis infantil blogueirinha plataforma brinde b antiderrapan,0.8418
tenis infantil tenis feminino promocao brinde bolsa p nao pe,tenis infantil tenis feminino promocao brinde bolsa c tenis,0.8417
tenis infantil tenis feminino promocao brinde bolsa u nao pe,tenis infantil tenis feminino promocao brinde bolsa c tenis,0.8417
tenis asics gel-quantum 360 6 original + nfe,tenis asics gel quantum 360 6,0.8414
tenis feminino petite jolie lupita ii preto pj490,tenis feminino petite jolie lupita ii militar pj4247,0.8412
sapatenis masculino pegada 170507,sapatenis masculino pegada - 119004,0.841
tenis usthemp chunky smooth tem - skull mistic,tenis usthemp chunky smooth tem - memories,0.8407
sapatilha neoprene aquatica tenis hibrido versatil top snow,sapatilha neoprene aquatica unissex hibrido versatil esporte,0.8406
tenis puma smash ace v2 bdp,tenis puma smash ace v2 - 375600,0.8406
tenis asics gel flux 4 a feminino original,tenis asics gel flux,0.8406
air max 97 mschf x inri jesus rp. cond: 8/10,air max 97,0.8405
tenis joystar infantil menino menina urbano casual confort,tenis joystar infantil menino urbano casual confort 1400-02,0.8404
tenis usthemp clash tematico - pequins,tenis usthemp clash tematico - buldogue campeiro,0.8403
yeezy butter rp,yeezy bost 380 mist,0.8402
tenis usthemp clash tematico - papagaio 2,tenis usthemp clash tematico - groundmade,0.8399
mizuno wave prophecy 9,tenis mizuno wave prophecy 7 camaleao,0.8399
tenis dg g3 porto black deg branco unissex,tenis dg g3 porto black deg branco unissex melhores net,0.8399
terrex ax4 +cinza adidas,tenis adidas terrex ax3,0.8398
tenis converse all star cano alto,tenis converse all star,0.8397
tenis converse all star cano alto,tenis converse all star,0.8397
tenis under armour charged skyline feminino,tenis under armour charged skyline 2 azul e preto - masculin,0.8395
tenis olympikus bourne n43,tenis olympikus bourne feminino,0.8392
tenis infantil feminino escolar menina escola j envio em 24h,tenis infantil feminino escolar menina escola g envio expres,0.8389
tenis com velcro tigor t. tigre outono/inverno novo original,tenis marrom tigor t. tigre outono/inverno novo original,0.8388
tenis dg super king black prata unissex diamante,tenis dg super king black prata unissex ouro,0.8384
tenis mizuno mirai 2 feminino treino corrida caminhada,tenis mizuno mirai 2 feminino corrida - caminhada,0.8383
tenis usthemp clash tematico - groundmade,tenis usthemp clash tematico - kombi,0.8382
tenis asics netburner ballistic ff preto - feminino,tenis asics netburner ballistic ff2 - original,0.8381
tenis camuflado preto esportivo masculino actvitta,tenis esportivo masculino camuflado preto actvitta,0.8381
tenis usthemp volare tematico - memories,tenis usthemp volare tematico - papagaio 2,0.8381
tenis esportivo activtta masculino cataluna corrida,tenis activtta corrida masculino esportivo cataluna,0.8379
tenis usthemp spice tematico - dalmata 2,tenis usthemp spice tematico - panda,0.8378
tenis usthemp move tematico - mucca,tenis usthemp move tematico - schnauzer,0.8378
tenis usthemp volare tematico - touro,tenis usthemp volare tematico - tomate,0.8377
bike speed 29,bike speed redbull,0.8377
tenis casual infantil menina moda pink cats,tenis casual infantil menina pink cats,0.8372
tenis infantil tenis feminino promocao brinde bolsa u nao pe,tenis infantil tenis feminino promocao brinde bolsa b sneake,0.8371
calcado sapatenis casual masculino em couro keffor 16702,calcado sapatenis casual masculino em couro confort keffo...,0.8371
tenis infantil tenis feminino promocao brinde bolsa p nao pe,tenis infantil tenis feminino promocao brinde bolsa b sneake,0.8371
tenis feminino olympikus flit 259,tenis feminino olympikus ref.259 flit,0.8369
tenis usthemp one vegano casual estampa geek dog,tenis usthemp one vegano casual estampa libra,0.8368
bicicleta aro 29 cambios 24v freios hidraulicos preto tam 19,bicicleta aro 29 cambios 24v freios hidraulicos prata tam 15,0.8368
tenis usthemp long tem - shark sparrow bull terrier,tenis usthemp slip-on tem - shark sparrow bull terrier 4,0.8368
tenis feminino activtta cataluna corrida esportivo 4811,tenis corrida activtta feminino cataluna esportivo 4811-204,0.8367
tenis usthemp chunky smooth tem- groundmade,tenis usthemp chunky smooth tem - medicina veterinaria,0.8361
chinelo dg preto/branco flex topissimo,chinelo dg preto/branco flex shoes,0.8357
tenis usthemp clash tematico - groundmade,tenis usthemp clash tematico - buldogue campeiro,0.8355
tenis infantil masculino olympikus 943 supremo kids,tenis infantil masculino olympikus supremo azul,0.8355
tenis infantil tenis feminino promocao brinde bolsa p nao pe,tenis infantil tenis feminino promocao brinde bolsa f premiu,0.8353
tenis infantil tenis feminino promocao brinde bolsa u nao pe,tenis infantil tenis feminino promocao brinde bolsa f premiu,0.8353
adidas springblade pro,tenis adidas springblade pro chinese new year,0.8353
tenis rainha vl 2500 futsal capoeira volei marinho e cinza,tenis rainha vl 2500 futsal volei capoeira marinho c/ branco,0.835
tenis casual kolosh,tenis casual kolosh feminino c2761,0.8349
tenis asics gel resolution 8 clay masculino - saibro- new,tenis asics gel resolution 8 clay,0.8349
tenis usthemp long tematico - nina fancy,tenis usthemp long tematico - ella,0.8349
tenis infantil espelho meu - em702,tenis infantil led espelho meu - em490,0.8347
tenis feminino sola alta shoes plataforma bebe,tenis feminino sola alta shoes plataforma a incrivel,0.8343
tenis mizuno prophecy 8 cinza/preto/azul no41 original!!!!,tenis mizuno prophecy 6 cinza e azul no41 original!!!!!,0.8343
tenis de corrida masculino under armour charged bright,tenis de corrida masculino under armour charged coolswitch 2,0.8342
tenis new balance preto,tenis new balance n 36,0.8342
sapatenis masculino pegada couro pinhao,sapatenis masculino pegada couro 118904,0.8341
tenis usthemp slip-on tematico - leao,tenis usthemp slip-on tematico - cocker preto e branco,0.8341
tenis masculino olympikus ultraleve,tenis masculino olympikus ultraleve 235g,0.834
tenis asics gel quantum 360 6 masculino - preto e dourado,tenis asics gel quantum 360 6,0.834
tenis usthemp volare vegano casual estampa baby cats,tenis usthemp volare vegano casual estampa carpas,0.8339
tenis usthemp one tematico - girafa,tenis usthemp one tematico - news!,0.8339
tenis usthemp volare vegano casual estampa art sharks,tenis usthemp volare vegano casual estampa libra,0.8338
tenis menina klin step flex 241028/ gaby calcados,tenis menina klin 453074/ gaby calcados,0.8337
tenis infantil tenis feminino promocao brinde bolsa u nao pe,tenis infantil tenis feminino promocao brinde bolsa u barato,0.8335
tenis infantil tenis feminino promocao brinde bolsa p nao pe,tenis infantil tenis feminino promocao brinde bolsa u barato,0.8335
tenis usthemp clash tematico - pequins,tenis usthemp clash tematico - judite porco 2,0.8333
tenis usthemp slip-on tematico - calopsitas,tenis usthemp slip-on tematico - raposa,0.8333
tenis burberry preto/xadrez marrom dgriffe,tenis burberry preto/xadrez marrom t.gabriel,0.8331
tenis infantil tenis infantil feminino brinde bolsa nao perc,tenis infantil tenis infantil feminino brinde bolsa a escola,0.833
bicicleta caloi vinte e nove,bicicleta caloi croos,0.8329
tenis usthemp move tematico - husky,tenis usthemp move tematico - schnauzer,0.8329
tenis redley ir 10 originals classic summer cor pink,tenis redley ir 10 originals classic summer verde limao,0.8328
bicicleta aro 12 com rodinhas sea - nathor,bicicleta infantil aro 12 com rodinhas violet nathor,0.8325
tenis usthemp volare tematico - unicloud,tenis usthemp volare tematico - akita br,0.8324
sapatilha tenis ciclismo mtb ou speed bike - azul,kit 3 pares de sapatilha tenis ciclismo mtb ou speed bike,0.8324
new balance running course,tenis new balance running 996 rosa,0.8324
tenis infantil feminino escolar menina escola h original,tenis infantil feminino escolar menina escola g envio expres,0.8321
smart tv samsung series 7 un43ru7100 led 4k 43,smart tv samsung series 7 un50tu7000fxzx led 4k 50,0.832
tenis infantil feminino escolar menina escola j envio imedia,tenis infantil feminino escolar menina escola envio expresso,0.8318
tenis new balance 373 original + nfe,tenis new balance 373 fb2,0.8317
tenis under armour charged skyline feminino,tenis under armour charged skyline 2 feminino envio imediato,0.8317
tenis usthemp amy tematico - judite porco,tenis usthemp amy tematico - ballet 2,0.8317
tenis usthemp long tematico - ella,tenis usthemp long tematico - jardim secreto,0.8315
sapatenis pegada couro napa soft masculino 118503,sapatenis pegada couro azul 114854-08 napa soft masculino,0.8312
tenis infantil feminino escolar menina escola e jogging,tenis infantil feminino escolar menina escola c plataforma,0.831
tenis schutz s212720003 preto,tenis schutz.,0.8309
tenis infantil masculino molekinho baby kids meninos passeio,tenis infantil masculino molekinho baby kids meninos escolar,0.8307
air force shadow pollen rise,air force 1 pollen rise.,0.8306
tenis farm avenida iate tratorado bordado jeans top farmete,tenis farm jeans avenida iate tratorado bordado confortavel,0.8306
tenis infantil blogueirinha plataforma brinde b promocao,tenis infantil blogueirinha plataforma brinde b juvenil,0.8304
bicicleta infantil aro 12 charm feminina - nathor,bicicleta infantil nathor aro 12 charm,0.8304
tenis asics gel-shougun 3 feminino,tenis asics gel-bnd masculino,0.8302
tenis feminino casual corda juta floral,tenis feminino casual corda juta,0.8301
tenis infantil blogueirinha plataforma brinde premium,tenis infantil blogueirinha plataforma brinde b juvenil,0.83
tenis nike air max 90 37,tenis nike air max 90 vinho,0.8299
tenis usthemp volare tematico - touro,tenis usthemp volare tematico - praia 2,0.8299
sapatilha absolute mtb wild preto/vermelho,sapatilha mtb absolute wild preto/vermelho,0.8299
tenis esportivo feminino adrun soft gel 9602f-1204 azul,tenis esportivo feminino adrun soft gel 9602f-143 steel,0.8296
sapatenis sound masculino,sapatenis masculino zotto branco sound,0.8296
sapatilha ciclismo bike speed absolute nero road estrada,sapatilha ciclismo bicicleta speed absolute nero bike road,0.8295
tenis new balance 1600 masculino cm1600g l,tenis new balance wl515rfa,0.8293
tenis fila euro jogger sport masculino 11u335x original,tenis masculino fila euro jogger sport,0.8292
tenis olympikus bravo masculino,tenis olympikus bravo - feminino,0.8291
tenis infantil feminino escolar menina escola j envio em 24h,tenis infantil feminino escolar menina escola j envio imedia,0.829
tenis olympikus like feminino,sapatilha olympikus like feminino casual,0.829
tenis masculino preto freeday brooklyn original,tenis freeday brooklyn preto-original,0.829
tenis adidas lite racer 2.0 juvenil corrida,tenis adidas lite racer 2.0 fz0389,0.829
tenis feminino sola alta shoes plataforma a kichute,tenis feminino sola alta shoes plataforma a barato,0.8288
tenis masculino fitness esporte e lutas marciais skalvin,tenis masculino fitness esporte skalvin sola expantida .,0.8287
tenis redley ir 10 originals summer classico,tenis redley ir 10 originals classic summer verde limao,0.8286
tenis kidy ref 0621015,tenis kidy ref 034.1070,0.8284
tenis new balance 247 feminino ws247uc,tenis new balance wl515rfa,0.8283
tenis under armour charged stamina rosa feminino,tenis masculino under armour charged stamina,0.8282
tenis balenciaga triple,balenciaga tenis triple s,0.8281
tenis infantil blogueirinha plataforma brinde premium,tenis infantil blogueirinha plataforma brinde b antiderrapan,0.8281
tenis feminino casual sapatenis animal print onca zebra,tenis feminino casual sapatenis animal print onca tendencia,0.828
tenis adidas duramo sl m fy8113,tenis adidas duramo sl masculino gv7126 azul,0.8279
tenis versace roxo flex prata,tenis versace roxo flex ouro,0.8279
tenis feminino puma carina l couro ref: 375565-42,tenis feminino puma carina l 375565 couro,0.8279
tenis usthemp clash tematico - groundmade,tenis usthemp clash tematico - judite porco 2,0.8276
tenis usthemp clash tematico - raposa,tenis usthemp clash tematico - pequins,0.8275
tenis melissa street ii,tenis melissa street preto / branco,0.8274
tenis reserva masculino,tenis reserva veleiro preto,0.827
tenis usthemp long tematico - groundmade,tenis usthemp long tematico - teckel 2,0.8269
tenis casual infantil masculino menino 5805-002,sapatenis casual infantil masculino menino 5910-002,0.8269
tenis usthemp long tematico - teckel 2,tenis usthemp long tematico - deepspace,0.8268
tenis dg porto slip liso branco unissex maravilhas,tenis dg porto slip liso branco unissex t.menezes,0.8267
sapatenis pegada masculino,sapatenis pegada masculino 117651-08-preto,0.8267
tenis sapatilha aquatek agua pesca rio trilha preto num 40,tenis aquatek pesca rio trilha agua sapatilha verde num 39,0.8267
tenis infantil feminino com brinde bolsinha a meia,tenis infantil feminino com brinde bolsinha b envio garantid,0.8266
tenis umbro neptune br,tenis umbro neptune preto,0.8266
tenis new balance 997 | casual masculino,tenis new balance wl515rfa,0.8265
bicicleta aro 29 dropp 21v suspensao freio disco cinza 17,bicicleta aro 29 dropp 21v suspensao freio a disco verde 15,0.8264
tv led philco 32 polegadas,tv smart philco 32 polegadas,0.8264
tenis masculino wave prophecy x pro x pro 10,tenis pro x masculino wave prophecy x pro 10 importado,0.8261
tenis infantil feminino escolar menina escola d original,tenis infantil feminino escolar menina escola g envio expres,0.826
tenis usthemp slip-on tematico - lulu da pomerania,tenis usthemp slip-on tematico - calopsitas,0.8257
tenis usthemp pepper tematico - leao,tenis usthemp pepper tematico - tie dye,0.8256
nike air jordan 1 mid banned bred,air jordan 1 mid banned,0.8256
sapatenis sound masculino,sapatenis sound casual su20-ze138,0.8255
tenis burberry xadrez marrom preferida,tenis burberry xadrez marrom t.denis,0.8253
tenis usthemp chunky smooth tem - skull mistic,tenis usthemp chunky smooth tem- groundmade,0.8252
tenis dolce & gabbana em couro masculino - envio imediato,tenis dolce gabbana lancamento masculino - envio imediato,0.825
tenis usthemp pepper tematico - vaca 2,tenis usthemp pepper tematico - tie dye,0.825
tenis feminino slip on via marte 20-11807,tenis feminino slip on via marte - 2011807,0.8249
tenis infantil blogueirinha plataforma brinde b promocao,tenis infantil blogueirinha plataforma brinde b antiderrapan,0.8248
bicicleta caloi xrt,bicicleta caloi poti,0.8245
mizuno wave prophecy 9,tenis mizuno wave prophecy x - original,0.8244
tenis - schutz,tenis schutz feminino 35/36,0.8242
tenis dg g3 porto animal print unissex platina,tenis dg g3 porto animal print unissex bellisima,0.8242
tenis melissa street preto / branco,tenis melissa street 32898 rosa,0.8241
bicicleta caloi croos,bicicleta caloi preta,0.8237
sapato usthemp legend tematico - gato himalaio,sapato usthemp legend tematico - nico,0.8237
tenis usthemp long tematico - snes,tenis usthemp long tematico - groundmade,0.8235
tenis usthemp long tematico - snes,tenis usthemp long tematico - deepspace,0.8235
tenis infantil esportivo menino energy-tec kidy preto,tenis esportivo tira infantil menino energy-tec kidy preto,0.8234
tenis anacapri branco,tenis anacapri,0.8233
vans old skool vinho,vans old skool unissex,0.823
tenis infantil feminino escolar menina escola j envio imedia,tenis infantil feminino escolar menina escola h original,0.8228
kit 2 tenis adidas kanadia tr8,tenis adidas kanadia tr7,0.8228
tenis usthemp chunky smooth tem - algodao doce,tenis usthemp chunky smooth tem - corujinha 2,0.8228
tenis feminino beira rio atacado do 34/39 cx c/12 pares,tenis feminino beira rio atacado do 34/39 caixa com 12 pares,0.8225
tenis usthemp volare tematico - touro,tenis usthemp volare tematico - trevo 2,0.8225
tenis usthemp one tematico - armani vira-lata,tenis usthemp long tematico - armani vira-lata 2,0.8224
tenis esportivo feminino adrun soft gel 9602f-1112 cinza,tenis esportivo feminino adrun soft gel 9602f-143 steel,0.8223
tenis redley ir 10 originals classico modelo summer rosa,tenis redley ir 10 originals classic summer cor pink,0.8221
tenis olympikus reacao feminino,tenis olympikus reacao masculino - original,0.822
tenis usthemp volare tematico - papagaio 2,tenis usthemp volare tematico - akita br,0.8219
tenis usthemp clash tematico - raposa,tenis usthemp clash tematico - groundmade,0.8218
tenis usthemp chunky smooth tem - shih-tzu 2,tenis usthemp chunky smooth tem - memories,0.8217
tenis usthemp short tematico - vaquinha,tenis usthemp short tematico - maltes,0.8217
tenis masculino esportivo olympikus oferta black friday,tenis esportivo olympikus + kit 3 meias oferta black friday,0.8216
tenis infantil bibi roller 2.0 feminino rosa poa 1155020,tenis infantil bibi roller 2.0 menino 1155014,0.8214
tenis olympikus vetor feminino pronta entrega,tenis olympikus vetor marinho pronta entrega,0.8214
tenis adidas casual masculino advantage base - preto,tenis adidas advantage base preto,0.8213
ous phibo pro quartzo prt ltx 2 essencial,tenis ous phibo quartzo preto ltx essencial,0.8213
tenis usthemp volare tematico - memories,tenis usthemp volare tematico - tomate,0.821
tenis infantil bebe masculino leve macio confortavel - as176,tenis infantil bebe feminino leve macio confortavel - as175,0.8207
tenis new balance 574 feminino wl574soo,tenis new balance 574 masculino ml574vi2,0.8205
tenis usthemp volare tematico - memories,tenis usthemp volare tematico - praia 2,0.8205
tenis new balance!,tenis new balance 45x | casual feminino,0.8204
tenis schutz neo white. tenis schutz original.,tenis schutz.,0.8204
sapatilha mtb giro cylinder ii boa cinza,sapatilha mtb giro cylinder ii preto,0.8204
tenis infantil blogueirinha plataforma brinde a kichute,tenis infantil blogueirinha plataforma brinde b juvenil,0.8203
tenis usthemp move tematico - disrupted,tenis usthemp move tematico - flamingo 4,0.8202
tenis fila disruptor vlc infantil,fila disruptor preto,0.8199
tenis usthemp chunky smooth tem - google golden r. 2,tenis usthemp chunky smooth tem - corujinha 2,0.8199
tenis under armour charged stamina o melhor preco,tenis under armour charged quest o melhor preco,0.8199
tenis usthemp one tematico - vaquinha,tenis usthemp one tematico - news!,0.8198
tenis mizuno masculino corrida jet 4 running leve original,tenis mizuno masculino corrida jet 4 conforto leve original,0.8198
sapatenis democrata denim bold - 122110-001,sapatenis masculino democrata denim bold 122112,0.8197
tenis vizzano camurca basico 1214.205,tenis pretinho vizzano camurca feminino casual 1214.205,0.8196
tenis reserva masculino,tenis reserva jasper original,0.8191
tenis burberry xadrez marrom preferida,tenis burberry xadrez marrom gold,0.8191
tenis orbit luz da lua,tenis luz da lua s68161v1.22,0.8187
sapatenis masculino cavalera 59110210,sapatenis masculino cavalera elastico 59110129 couro,0.8186
tenis usthemp spice tematico - dalmata 2,tenis usthemp spice tematico - fila brasileiro,0.8184
tenis numero especial 45/48 stir esp-05 confort,tenis numero especial 45/48 stir esp-01 lancamento,0.8183
tenis feminino sola alta shoes plataforma bebe,tenis feminino sola alta shoes plataforma a kichute,0.8183
caloi berlineta,caloi berlineta berlinetinha aro 14,0.8183
tenis olympikus sonoro vermelho,tenis olympikus sonoro branco,0.8182
tenis moleca 5746.100,tenis moleca casual 5716.100,0.8179
tenis usthemp clash tematico - papagaio 2,tenis usthemp clash tematico - setter irlands 2,0.8179
tenis pk xd arco-iris glitter fino pampili,tenis pk xd pampili xp 21 arco-iris glitter fino colorido,0.8176
tenis infantil bibi roller monsters preto e laranja,tenis infantil bibi roller monsters pink,0.8176
tenis masculino olympikus cristal marinho,tenis masculino olympikus cristal marinho original c/nf,0.8175
tenis infantil led patrulha canina personagem barato oculos,sapato infantil led patrulha canina personagem paw patrol,0.8175
tenis olympikus metropole feminino,tenis olympikus metropole feminino - salmao,0.8174
tenis infantil blogueirinha plataforma brinde premium,tenis infantil blogueirinha plataforma brinde b promocao,0.8173
tenis olympikus easy feminino academia caminhada conforto650,tenis easy olympikus feminino academia caminhada conforto650,0.8172
tenis usthemp short tematico - unigothic 3,tenis usthemp short tematico - maltes,0.817
bicicleta infantil rebaixada aro 20 cross xlt amarelo xnova,bike infantil rebaixada aro 20 cross xlt verde - xnova,0.8169
tenis infantil molekinha preto - 2503324,tenis feminino infantil molekinha preto,0.8169
tenis usthemp pepper tematico - corujinha 2,tenis usthemp pepper tematico - tie dye,0.8168
tenis infantil feminino escolar menina escola d original,tenis infantil feminino escolar menina escola j envio imedia,0.8168
tenis feminino tenis beira rio 4196.703 beira rio conforto,tenis beira rio conforto,0.8168
tenis infantil bibi roller 2.0 rl2-08,tenis infantil bibi roller 2.0 menino 1155014,0.8168
tenis casual masculino eagle fly cinza ef03201,tenis casual masculino eagle fly preto ef03203,0.8167
tenis infantil blogueirinha plataforma brinde a kichute,tenis infantil blogueirinha plataforma brinde b antiderrapan,0.8166
tenis new balance fresh foam roav original masculino,tenis new balance fresh foam roav | corrida feminino,0.8166
tenis new balance 45x | casual feminino,tenis new balance 997 | casual masculino,0.8163
tenis oakley halftrack low preto latex,tenis oakley halftrack low preto / vermelho,0.8162
tenis redley ir10 originals cinza - wac-05,tenis redley ir10 originals caqui- wac-06,0.816
tenis infantil blogueirinha plataforma brinde premium,tenis infantil blogueirinha plataforma brinde a kichute,0.816
bicicleta infantil aro 20 racing boy btwin,bicicleta btwin racing boy aro 20 usada,0.8159
tenis luz da lua s68161v1.22,tenis luz da lua s84156v1 original,0.8156
smart tv samsung series q qn55q70tagxzd qled 4k 55,smart tv samsung series q qled 4k 55 100v/240v,0.8155
tenis infantil menina pink cats,tenis casual infantil menina pink cats colecao2022,0.8155
tenis terrex eastrail hiking adidas,tenis terrex eastrail adidas,0.8154
tenis masculino olympikus ultraleve 235g,tenis masculino olympikus ultraleve/944,0.8151
mountain bike track & bikes tb 100xs aro 26 18 18v freios v-brakes cambios track index cor preto,mountain bike track & bikes tb 100xs aro 26 18 18v freios v,0.8151
tenis usthemp volare tematico - papagaio 2,tenis usthemp volare tematico - unicloud,0.8148
kit 2 sapatenis 1 tenis casual masculino promocao conforto,sapatenis tenis casual masculino promocao,0.8147
tenis mizuno wave skyrise,tenis mizuno wave tenjin lamborghini 3,0.8147
tenis usthemp clash tematico - papagaio 2,tenis usthemp clash tematico - kombi,0.8147
tenis olympikus glam feminino - original,tenis olympikus glam feminino marinho - original,0.8145
melissa ulitsa sneaker branco bege,tenis melissa ulitsa sneaker verde/bege,0.8145
sapatilhas de malha respiravel,sapatilha de malha respiravel feminina.,0.8141
tenis converse all star,tenis aduto star converse all star,0.8141
tenis fila d-formation - feminino,tenis fila d-formation luxe feminino,0.814
tenis actvitta lycra duna 4809100,tenis actvitta lycra,0.8137
tenis infantil tenis infantil feminino brinde bolsa nao perc,tenis infantil tenis infantil feminino brinde bolsa premium,0.8136
via marte tenis de cano feminina forrado la casual 21-1848,tenis de cano via marte forrado com la feminino 21-1848,0.8134
sapatilha avva mtb prata,avva soft sapatilha mtb - prata,0.8134
sapato usthemp legend tematico - unicornio 2,sapato usthemp legend tematico - nico,0.8134
tenis feminino dakota shunky - g0571,tenis feminino dakota lunetti preto - g084,0.8133
kit 4 pares de tenis slip on urban elastico conforto estilo,kit 4 pares de tenis slip on urban moda conforto estilo,0.8132
tenis branco confortavel,tenis feminino branco confortavel,0.8132
tenis usthemp one vegano casual estampa cupcake,tenis usthemp one vegano casual estampa boston terrier,0.8132
tenis infantil tenis infantil feminino brinde bolsa premium,tenis infantil tenis infantil feminino brinde bolsa a escola,0.813
tenis usthemp long tematico - groundmade,tenis usthemp long tematico - ella,0.8128
tenis usthemp long tematico - ella,tenis usthemp long tematico - deepspace,0.8128
tenis usthemp clash tematico - setter irlands 2,tenis usthemp clash tematico - buldogue campeiro,0.8127
tenis force shadow pixel,air force 1 shadow cashmere (w),0.8126
tenis usthemp volare tematico - memories,tenis usthemp volare tematico - trevo 2,0.8125
tenis nike preto,tenis nike.,0.8124
tenis fila euro jogger sport cinza e marinho,tenis fila euro jogger sport feminino cinza corrida,0.8121
tenis usthemp slip-on custom - illustrate pet girassois,tenis usthemp spice custom - illustrate pet girassois,0.8121
bicicleta aro 26 18 marchas,bicicleta aro 26 thunder 18 marchas,0.8121
tenis feminino mississipi preto,tenis preto casual feminino mississipi q2271,0.8121
tenis feminino casual beira rio 4196.1015,tenis feminino casual beira rio 4196.914 preto,0.812
sapatenis casual infantil masculino menino promocao 2550-771,sapatenis casual infantil masculino menino 41,0.8119
tenis fila d-formation - feminino,tenis fila d-formation feminino - rosa e branco,0.8118
tenis usthemp half tematico -violoes 3,tenis usthemp half tematico - gigio yorkshire,0.8118
bicicleta aro 16 show da luna - nathor,bicicleta infantil nathor aro 16 show da luna a partir5 anos,0.8118
tenis cravo e canela feminino - 163103,tenis cravo & canela classic 168154-1 168154-1,0.8117
tenis petite jolie space preto - pj5858,tenis feminino petite jolie space,0.8117
tenis masculino olympikus triunfo preto+bordo,tenis olympikus triunfo preto com bordo masculino,0.8113
tenis usthemp volare vegano casual estampa baby cats,tenis usthemp volare vegano casual estampa sharpei,0.8111
tenis coca-cola feminino blend leather,tenis coca-cola preto em couro blend leather original,0.811
tenis usthemp slip-on tem - shark sparrow bull terrier 4,tenis usthemp move tem - shark sparrow bull terrier 3,0.8108
tenis modare ultraconforto,tenis casual modare ultraconforto,0.8108
tenis fila recovery feminino original,tenis fila recovery masculino original,0.8108
tenis hocks skate primo cor black,tenis hocks primo black,0.8107
tenis usthemp amy tematico - ballet 2,tenis usthemp amy tematico - rottweiler,0.8106
tenis coca-cola feminino blend leather,tenis coca-cola blend leather preto e vermelho,0.8106
tenis ous arquitetonico essencial bege,tenis ous arquitetonico all black essencial,0.8104
tenis skechers solar fuse feminino 13329 - rose,tenis fem skechers solar fuse,0.8104
tenis masculino beat revolution esporte conforto,tenis masculino beat revolution esporte calce facil,0.8103
tenis usthemp clash tematico - setter irlands 2,tenis usthemp clash tematico - kombi,0.8102
sapatenis masculino preto couro ferracini,sapatenis masculino couro ferracini 7037,0.8102
tenis skechers max cushioning premier masculino - masculino,tenis skechers max cushioning premier feminino corrida - cam,0.8102
tenis fila trend 2.0 - feminino,tenis fila trend 2.0 feminino - rosa e dourado,0.8102
tenis via marte 20-14116 feminino casual chunky promocao,tenis via marte 20-11503 feminino casual chunky oferta,0.8101
tenis feminino actvitta - 4802103,tenis feminino actvitta - 4202220,0.81
sapatenis masculino free way beat,sapatenis free way bert masculino,0.81
bicicleta ultra bikes aro 20 preta branca feminina infantil,bicicleta ultra bikes infantil aro 20 preta branca masculina,0.81
sapato usthemp legend tematico - coruja branca,sapato usthemp legend tematico - pug 3,0.81
bota bull terrier dragon iii - vermelha,bota bull terrier dragon iii - ideal p/ trilhas,0.8098
nike air max ivo 9.5 (br 41),tenis nike air max,0.8097
tenis infantil feminino luna cano medio now united pampili,tenis infantil feminino luna now united original pampili,0.8096
tenis infantil feminino escolar menina escola d o mais vend,tenis infantil feminino escolar menina escola c plataforma,0.8096
tenis infantil masculino skate brinde tenis menino jogging,tenis infantil masculino skate brinde tenis menino o melhor,0.8094
oakley tenis oakley flak 1.3 preto,tenis oakley flak 1.2 khaki original,0.8092
tenis usthemp slip-on tematico - calopsitas,tenis usthemp slip-on tematico - cocker preto e branco,0.809
tenis usthemp volare vegano casual estampa baby cats,tenis usthemp volare vegano casual estampa libra,0.809
tenis smash feminino maria paula cinza e pink,tenis smash casual fashion maria paula pink e cinza,0.8089
tenis adidas galaxy 5 masculino dom,tenis adidas galaxy 5 masculino - marinho,0.8089
tenis nike air jordan 1 mid black white royal dunk force max,tenis nike air jordan 1 mid hyper royal dunk force max low,0.8089
tenis usthemp move tematico - disrupted,tenis usthemp move tematico - nes,0.8089
tenis corrida mizuno wave creation 22 masculino azul,tenis mizuno wave creation 22 masculino 1173,0.8088
bicicleta bike aro 26 houston foxer hammer com 21 marchas,bicicleta aro 26 houston foxer maori bike 21 marchas cesta,0.8088
tenis adidas advantage base masculino - preto ee7693,tenis feminino adidas advantage base,0.8087
tenis kolosh casual hades,tenis kolosh casual sintetico hades feminino,0.8085
tenis infantil blogueirinha plataforma brinde b promocao,tenis infantil blogueirinha plataforma brinde a kichute,0.8085
sapato usthemp legend tematico - coruja branca,sapato usthemp legend tematico - pug 4,0.8085
tenis sapatenis casual masculino leve confortavel,sapatenis tenis casual masculino leve confortavel preto,0.8085
tenis new balance!,tenis new balance 1600 masculino cm1600g l,0.8084
tenis farm sup mule liso farmete,tenis farm sup mule oncinha farmete original,0.8082
bicicleta motorizada mobilete moby 2t 40cc,bicicleta motorizada 80cc,0.808
tenis infantil feminino com brinde bolsinha a oferta,tenis infantil feminino com brinde bolsinha b envio garantid,0.8079
tenis usthemp clash tematico - papagaio 2,tenis usthemp clash tematico - judite porco 2,0.8078
tenis infantil feminino com brinde bolsinha b envio garantid,tenis infantil feminino com brinde bolsinha sneaker,0.8077
tenis infantil feminino escolar menina escola f o melhor do,tenis infantil feminino escolar menina escola h original,0.8076
tenis new balance 515 colors preto,tenis new balance preto,0.8074
tenis adidas duramo sl m fy8113,tenis adidas duramo sl off white,0.8074
tenis usthemp volare tematico - armani vira-lata,tenis usthemp one tematico - armani vira-lata,0.8072
tenis ous imigrante nuvem furta cor essencial + brinde,tenis ous imigrante furta cor essencial refletivo,0.8071
tenis skechers go walk smart glory feminino,skechers go walk 5 - 15925,0.807
tenis usthemp volare tematico - touro,tenis usthemp volare tematico - gigio yorkshire 2,0.8069
tenis new balance masculino fuelcell propel v2,tenis new balance fuelcell propel v2 new original + nfe,0.8068
nike air max 97 original,air max 97,0.8068
tenis casual modare ultraconforto,tenis modare ultraconforto casual feminino,0.8065
tenis masculino sapatenis branco em couro rafarillo casual,tenis masculino sapatenis branco rafarillo casual couro leve,0.8064
tenis fila masculino euro jogger sport - preto,tenis masculino fila euro jogger sport,0.8064
tenis usthemp clash tematico - setter irlands 2,tenis usthemp clash tematico - judite porco 2,0.8064
tenis infantil masculino dna flex ortope,tenis infantil ortope baby dna flex,0.8063
tenis hocks montreal black/white,tenis hocks montreal black white original unissex,0.8063
tenis nesk stay 2 c5512 masculino academia caminhada oferta,tenis nesk iris ii c5511 masculino academia caminhada oferta,0.8063
tenis usthemp move tematico - flamingo 4,tenis usthemp move tematico - schnauzer,0.8063
sapato usthemp legend tematico - coruja branca,sapato usthemp legend tematico - rottweiler,0.8062
sapatenis masculino freeway hallf,sapatenis masculino freeway hero-3766,0.8062
sapatilhas femininas de malha respiravel para estudantes,sapatilhas de malha respiravel,0.8059
tenis adidas terrex ax3 - feminino,terrex ax4 +cinza adidas,0.8059
tenis molekinha infantil,tenis molekinha infantil com pingente,0.8057
tenis infantil masculino skate brinde tenis menino o melhor,tenis infantil masculino skate brinde tenis menino barato,0.8057
tenis nike air max 90 feminino,tenis nike air max 90 vinho,0.8055
tenis sapato feminino sola alta branco,tenis feminino sola alta branco,0.8054
tenis dg g3 porto branco deg verde limao shoes,tenis dg porto branco deg verde limao ouro,0.8053
tenis infantil feminino com brinde bolsinha imperdivel,tenis infantil feminino com brinde bolsinha a meia,0.8053
tenis rip curl riva,tenis rip curl rekkon,0.8052
tenis skechers go walk 15900 rosa,tenis skechers go walk smart glory feminino,0.8051
tenis usthemp volare vegano casual estampa art sharks,tenis usthemp volare vegano casual estampa joaninha,0.8049
sapatenis masculino west coast sarja areia,sapatenis masculino west coast 203403 azul,0.8048
tenis pampili sneaker luz - preto,tenis pampili infantil sneaker luz,0.8046
tenis usthemp chunky smooth tem - shih-tzu 2,tenis usthemp chunky smooth tem- groundmade,0.8045
tenis usthemp volare tematico - tomate,tenis usthemp volare tematico - akita br,0.8045
tenis olympikus boreal feminino original,tenis olympikus boreal feminino petroleo original,0.8045
tenis dg porto preto tigre t.elaine,tenis dg porto preto tigre ouro,0.8044
tenis infantil feminino escolar menina escola d o mais vend,tenis infantil feminino escolar menina escola e jogging,0.8044
sapatenis masculino freeway marc 4.0,sapatenis masculino freeway hallf,0.8042
tenis masculino adidas galaxy 5 - preto e branco,tenis adidas galaxy 5 branco,0.8042
tenis infantil feminino com brinde bolsinha full,tenis infantil feminino com brinde bolsinha b envio garantid,0.8042
tenis orbit luz da lua,tenis luz da lua s84156v1 original,0.8041
smart tv samsung series q qn55q70tagxzd,smart tv samsung series 7 un50tu7000fxzx led 4k 50,0.8038
tenis usthemp spice tematico - dalmata 2,tenis usthemp spice tematico - nes 3,0.8036
tenis nike air original,nike air maz,0.8036
bicicleta aro 29 ksw 21v freio a disco cambios importados,bicicleta aro 29 ello bike freio a disco cambios importados,0.8035
kit 2 pares tenis masculino feminino academia black friday,kit 2 pares tenis feminino para academia black friday,0.8035
tenis casual juliette estilo pleno db604 moda verao,tenis casual juliette estilo pleno db604 branco/ rosa,0.8035
435193 tenis pampili infantil luna preto sint now united,tenis now united by pampili infantil luna preto,0.8034
tenis usthemp volare tematico - touro,tenis usthemp volare tematico - coelho branco,0.8033
tenis olympikus dynamic 343,tenis olympikus dynamic preto,0.8032
tenis skechers go run fast quake,tenis skechers go run fast feminino corrida - caminhada,0.8026
tenis fila racer for all masculino corrida - caminhada,tenis feminino corrida caminhada running fila racer for all,0.8025
tenis nike air max,tenis nike air max 90 preto,0.8024
tenis mizuno wave mirai 3 feminino 4144879,tenis mizuno wave mirai 3 4144879 0180 azul masculino,0.8024
tenis de skate mad rats old school original,tenis de skate old school preto e branco mad rats original,0.8023
tenis new balance!,tenis new balance 997 | casual masculino,0.8023
tenis reserva safari masculino,tenis reserva masculino,0.8021
tenis ramarim branco feminino sneaker original ref 21-80104,tenis ramarim preto feminino sneaker original ref 21-84104,0.8021
tenis oakley masculino halftrack 365 fof100016,tenis oakley halftrack 365 cinza,0.802
tenis kolosh feminino hades white c1285,tenis kolosh feminino hades preto - c2382,0.8019
tenis infantil feminino escolar menina escola a promocional,tenis infantil feminino escolar menina escola c plataforma,0.8017
vibe tenis vibe reign marinho,vibe tenis vibe carving chumbo,0.8017
tenis adidas lite racer 2.0 fz0389,tenis adidas lite racer 2.0 lilas original + nf,0.8017
tenis infantil feminino escolar menina escola d original,tenis infantil feminino escolar menina escola f o melhor do,0.8015
tv philco 32 modelo ph32f33dg led,tv philco preta modelo p32e31dg led,0.8014
tenis skechers go walk max clinched - masculino,skechers go walk 5 - 15925,0.8014
tenis rainha vl 2500 futsal capoeira vermelho/cinza,tenis rainha vl 2500 futsal capoeira volei marinho e cinza,0.8013
tenis feminino esportivo charged celerity under armour rosa,tenis under armour charged celerity feminino - branco e rosa,0.8012
tenis usthemp pepper tematico - abobora,tenis usthemp pepper tematico - tie dye,0.8011
tenis new balance!,tenis new balance 247 feminino ws247uc,0.8011
tenis new balance preto,tenis new balance 45x | casual feminino,0.8011
tenis usthemp clash tematico - judite porco 2,tenis usthemp clash tematico - kombi,0.8008
tenis dg sorrento g1 amarelo unissex stylo,tenis dg sorrento g1 branco unissex stylo,0.8007
tenis usthemp spice tematico - bikes 2,tenis usthemp spice tematico - tomate,0.8006
tenis usthemp volare tematico - armani vira-lata,tenis usthemp volare tematico - lisa vira-lata,0.8005
tenis asics gel nimbus 23 feminino - original,tenis asics nimbus 23 feminino - 1012a885.402,0.8005
tenis usthemp volare tematico - akita br,tenis usthemp volare tematico - praia 2,0.8005
tenis all star converse preto,tenis aduto star converse all star,0.8004
tenis casual kolosh c1306 pto feminino,tenis casual kolosh c0638a feminino,0.8003
tenis infantil masculino skate brinde tenis menino jogging,tenis infantil masculino skate brinde tenis menino barato,0.8001
tenis molekinho,tenis molekinho azul menino,0.8
tenis infantil menino bibi roller 2.0 1155034 - preto,tenis infantil bibi roller 2.0 menino 1155014,0.8
